"g","t","value"
"O-","1","5"
"O-","2","5"
"O-","3","5"
"O-","4","5"
"O-","5","5"
"O-","6","4"
"O-","7","4"
"O-","8","5"
"O-","9","5"
"O-","10","5"
"O-","11","4"
"O-","12","4"
"O-","13","4"
"O-","14","4"
"O-","15","5"
"O-","16","5"
"O-","17","5"
"O-","18","5"
"O-","19","5"
"O-","20","4"
"O-","21","4"
"O-","22","5"
"O-","23","5"
"O-","24","5"
"O-","25","4"
"O-","26","4"
"O-","27","4"
"O-","28","4"
"O-","29","5"
"O-","30","5"
"O-","31","5"
"O-","32","5"
"O-","33","5"
"O-","34","4"
"O-","35","4"
"O-","36","5"
"O-","37","5"
"O-","38","5"
"O-","39","4"
"O-","40","4"
"O-","41","4"
"O-","42","4"
"O-","43","5"
"O-","44","5"
"O-","45","5"
"O-","46","5"
"O-","47","5"
"O-","48","4"
"O-","49","4"
"O-","50","5"
"O-","51","5"
"O-","52","5"
"O-","53","4"
"O-","54","4"
"O-","55","4"
"O-","56","4"
"O-","57","5"
"O-","58","5"
"O-","59","5"
"O-","60","5"
"O-","61","5"
"O-","62","4"
"O-","63","4"
"O-","64","5"
"O-","65","5"
"O-","66","5"
"O-","67","4"
"O-","68","4"
"O-","69","4"
"O-","70","4"
"O-","71","5"
"O-","72","5"
"O-","73","5"
"O-","74","5"
"O-","75","5"
"O-","76","4"
"O-","77","4"
"O-","78","5"
"O-","79","5"
"O-","80","5"
"O-","81","4"
"O-","82","4"
"O-","83","4"
"O-","84","4"
"O-","85","5"
"O-","86","5"
"O-","87","5"
"O-","88","5"
"O-","89","5"
"O-","90","4"
"O-","91","4"
"O-","92","5"
"O-","93","5"
"O-","94","5"
"O-","95","4"
"O-","96","4"
"O-","97","4"
"O-","98","4"
"O-","99","5"
"O-","100","5"
"O-","101","5"
"O-","102","5"
"O-","103","5"
"O-","104","4"
"O-","105","4"
"O-","106","5"
"O-","107","5"
"O-","108","5"
"O-","109","4"
"O-","110","4"
"O-","111","4"
"O-","112","4"
"O-","113","5"
"O-","114","5"
"O-","115","5"
"O-","116","5"
"O-","117","5"
"O-","118","4"
"O-","119","4"
"O-","120","5"
"O-","121","5"
"O-","122","5"
"O-","123","4"
"O-","124","4"
"O-","125","4"
"O-","126","4"
"O-","127","5"
"O-","128","5"
"O-","129","5"
"O-","130","5"
"O-","131","5"
"O-","132","4"
"O-","133","4"
"O-","134","5"
"O-","135","5"
"O-","136","5"
"O-","137","4"
"O-","138","4"
"O-","139","4"
"O-","140","4"
"O-","141","5"
"O-","142","5"
"O-","143","5"
"O-","144","5"
"O-","145","5"
"O-","146","4"
"O-","147","4"
"O-","148","5"
"O-","149","5"
"O-","150","5"
"O-","151","4"
"O-","152","4"
"O-","153","4"
"O-","154","4"
"O-","155","5"
"O-","156","5"
"O-","157","5"
"O-","158","5"
"O-","159","5"
"O-","160","4"
"O-","161","4"
"O-","162","5"
"O-","163","5"
"O-","164","5"
"O-","165","4"
"O-","166","4"
"O-","167","4"
"O-","168","4"
"O-","169","5"
"O-","170","5"
"O-","171","5"
"O-","172","5"
"O-","173","5"
"O-","174","4"
"O-","175","4"
"O-","176","5"
"O-","177","5"
"O-","178","5"
"O-","179","4"
"O-","180","4"
"O-","181","4"
"O-","182","4"
"O-","183","5"
"O-","184","5"
"O-","185","5"
"O-","186","5"
"O-","187","5"
"O-","188","4"
"O-","189","4"
"O-","190","5"
"O-","191","5"
"O-","192","5"
"O-","193","4"
"O-","194","4"
"O-","195","4"
"O-","196","4"
"O-","197","5"
"O-","198","5"
"O-","199","5"
"O-","200","5"
"O-","201","5"
"O-","202","4"
"O-","203","4"
"O-","204","5"
"O-","205","5"
"O-","206","5"
"O-","207","4"
"O-","208","4"
"O-","209","4"
"O-","210","4"
"O-","211","5"
"O-","212","5"
"O-","213","5"
"O-","214","5"
"O-","215","5"
"O-","216","4"
"O-","217","4"
"O-","218","5"
"O-","219","5"
"O-","220","5"
"O-","221","4"
"O-","222","4"
"O-","223","4"
"O-","224","4"
"O-","225","5"
"O-","226","5"
"O-","227","5"
"O-","228","5"
"O-","229","5"
"O-","230","4"
"O-","231","4"
"O-","232","5"
"O-","233","5"
"O-","234","5"
"O-","235","4"
"O-","236","4"
"O-","237","4"
"O-","238","4"
"O-","239","5"
"O-","240","5"
"O-","241","5"
"O-","242","5"
"O-","243","5"
"O-","244","4"
"O-","245","4"
"O-","246","5"
"O-","247","5"
"O-","248","5"
"O-","249","4"
"O-","250","4"
"O-","251","4"
"O-","252","4"
"O-","253","5"
"O-","254","5"
"O-","255","5"
"O-","256","5"
"O-","257","5"
"O-","258","4"
"O-","259","4"
"O-","260","5"
"O-","261","5"
"O-","262","5"
"O-","263","4"
"O-","264","4"
"O-","265","4"
"O-","266","4"
"O-","267","5"
"O-","268","5"
"O-","269","5"
"O-","270","5"
"O-","271","5"
"O-","272","4"
"O-","273","4"
"O-","274","5"
"O-","275","5"
"O-","276","5"
"O-","277","4"
"O-","278","4"
"O-","279","4"
"O-","280","4"
"O-","281","5"
"O-","282","5"
"O-","283","5"
"O-","284","5"
"O-","285","5"
"O-","286","4"
"O-","287","4"
"O-","288","5"
"O-","289","5"
"O-","290","5"
"O-","291","4"
"O-","292","4"
"O-","293","4"
"O-","294","4"
"O-","295","5"
"O-","296","5"
"O-","297","5"
"O-","298","5"
"O-","299","5"
"O-","300","4"
"O-","301","4"
"O-","302","5"
"O-","303","5"
"O-","304","5"
"O-","305","4"
"O-","306","4"
"O-","307","4"
"O-","308","4"
"O-","309","5"
"O-","310","5"
"O-","311","5"
"O-","312","5"
"O-","313","5"
"O-","314","4"
"O-","315","4"
"O-","316","5"
"O-","317","5"
"O-","318","5"
"O-","319","4"
"O-","320","4"
"O-","321","4"
"O-","322","4"
"O-","323","5"
"O-","324","5"
"O-","325","5"
"O-","326","5"
"O-","327","5"
"O-","328","4"
"O-","329","4"
"O-","330","5"
"O-","331","5"
"O-","332","5"
"O-","333","4"
"O-","334","4"
"O-","335","4"
"O-","336","4"
"O-","337","5"
"O-","338","5"
"O-","339","5"
"O-","340","5"
"O-","341","5"
"O-","342","4"
"O-","343","4"
"O-","344","5"
"O-","345","5"
"O-","346","5"
"O-","347","4"
"O-","348","4"
"O-","349","4"
"O-","350","4"
"O-","351","5"
"O-","352","5"
"O-","353","5"
"O-","354","5"
"O-","355","5"
"O-","356","4"
"O-","357","4"
"O-","358","5"
"O-","359","5"
"O-","360","5"
"O-","361","4"
"O-","362","4"
"O-","363","4"
"O-","364","4"
"O-","365","5"
"O+","1","29"
"O+","2","29"
"O+","3","29"
"O+","4","29"
"O+","5","29"
"O+","6","18"
"O+","7","18"
"O+","8","29"
"O+","9","29"
"O+","10","29"
"O+","11","23"
"O+","12","23"
"O+","13","18"
"O+","14","18"
"O+","15","29"
"O+","16","29"
"O+","17","29"
"O+","18","29"
"O+","19","29"
"O+","20","18"
"O+","21","18"
"O+","22","29"
"O+","23","29"
"O+","24","29"
"O+","25","23"
"O+","26","23"
"O+","27","18"
"O+","28","18"
"O+","29","29"
"O+","30","29"
"O+","31","29"
"O+","32","29"
"O+","33","29"
"O+","34","18"
"O+","35","18"
"O+","36","29"
"O+","37","29"
"O+","38","29"
"O+","39","23"
"O+","40","23"
"O+","41","18"
"O+","42","18"
"O+","43","29"
"O+","44","29"
"O+","45","29"
"O+","46","29"
"O+","47","29"
"O+","48","18"
"O+","49","18"
"O+","50","29"
"O+","51","29"
"O+","52","29"
"O+","53","23"
"O+","54","23"
"O+","55","18"
"O+","56","18"
"O+","57","29"
"O+","58","29"
"O+","59","29"
"O+","60","29"
"O+","61","29"
"O+","62","18"
"O+","63","18"
"O+","64","29"
"O+","65","29"
"O+","66","29"
"O+","67","23"
"O+","68","23"
"O+","69","18"
"O+","70","18"
"O+","71","29"
"O+","72","29"
"O+","73","29"
"O+","74","29"
"O+","75","29"
"O+","76","18"
"O+","77","18"
"O+","78","29"
"O+","79","29"
"O+","80","29"
"O+","81","23"
"O+","82","23"
"O+","83","18"
"O+","84","18"
"O+","85","29"
"O+","86","29"
"O+","87","29"
"O+","88","29"
"O+","89","29"
"O+","90","18"
"O+","91","18"
"O+","92","29"
"O+","93","29"
"O+","94","29"
"O+","95","23"
"O+","96","23"
"O+","97","18"
"O+","98","18"
"O+","99","29"
"O+","100","29"
"O+","101","29"
"O+","102","29"
"O+","103","29"
"O+","104","18"
"O+","105","18"
"O+","106","29"
"O+","107","29"
"O+","108","29"
"O+","109","23"
"O+","110","23"
"O+","111","18"
"O+","112","18"
"O+","113","29"
"O+","114","29"
"O+","115","29"
"O+","116","29"
"O+","117","29"
"O+","118","18"
"O+","119","18"
"O+","120","29"
"O+","121","29"
"O+","122","29"
"O+","123","23"
"O+","124","23"
"O+","125","18"
"O+","126","18"
"O+","127","29"
"O+","128","29"
"O+","129","29"
"O+","130","29"
"O+","131","29"
"O+","132","18"
"O+","133","18"
"O+","134","29"
"O+","135","29"
"O+","136","29"
"O+","137","23"
"O+","138","23"
"O+","139","18"
"O+","140","18"
"O+","141","29"
"O+","142","29"
"O+","143","29"
"O+","144","29"
"O+","145","29"
"O+","146","18"
"O+","147","18"
"O+","148","29"
"O+","149","29"
"O+","150","29"
"O+","151","23"
"O+","152","23"
"O+","153","18"
"O+","154","18"
"O+","155","29"
"O+","156","29"
"O+","157","29"
"O+","158","29"
"O+","159","29"
"O+","160","18"
"O+","161","18"
"O+","162","29"
"O+","163","29"
"O+","164","29"
"O+","165","23"
"O+","166","23"
"O+","167","18"
"O+","168","18"
"O+","169","29"
"O+","170","29"
"O+","171","29"
"O+","172","29"
"O+","173","29"
"O+","174","18"
"O+","175","18"
"O+","176","29"
"O+","177","29"
"O+","178","29"
"O+","179","23"
"O+","180","23"
"O+","181","18"
"O+","182","18"
"O+","183","29"
"O+","184","29"
"O+","185","29"
"O+","186","29"
"O+","187","29"
"O+","188","18"
"O+","189","18"
"O+","190","29"
"O+","191","29"
"O+","192","29"
"O+","193","23"
"O+","194","23"
"O+","195","18"
"O+","196","18"
"O+","197","29"
"O+","198","29"
"O+","199","29"
"O+","200","29"
"O+","201","29"
"O+","202","18"
"O+","203","18"
"O+","204","29"
"O+","205","29"
"O+","206","29"
"O+","207","23"
"O+","208","23"
"O+","209","18"
"O+","210","18"
"O+","211","29"
"O+","212","29"
"O+","213","29"
"O+","214","29"
"O+","215","29"
"O+","216","18"
"O+","217","18"
"O+","218","29"
"O+","219","29"
"O+","220","29"
"O+","221","23"
"O+","222","23"
"O+","223","18"
"O+","224","18"
"O+","225","29"
"O+","226","29"
"O+","227","29"
"O+","228","29"
"O+","229","29"
"O+","230","18"
"O+","231","18"
"O+","232","29"
"O+","233","29"
"O+","234","29"
"O+","235","23"
"O+","236","23"
"O+","237","18"
"O+","238","18"
"O+","239","29"
"O+","240","29"
"O+","241","29"
"O+","242","29"
"O+","243","29"
"O+","244","18"
"O+","245","18"
"O+","246","29"
"O+","247","29"
"O+","248","29"
"O+","249","23"
"O+","250","23"
"O+","251","18"
"O+","252","18"
"O+","253","29"
"O+","254","29"
"O+","255","29"
"O+","256","29"
"O+","257","29"
"O+","258","18"
"O+","259","18"
"O+","260","29"
"O+","261","29"
"O+","262","29"
"O+","263","23"
"O+","264","23"
"O+","265","18"
"O+","266","18"
"O+","267","29"
"O+","268","29"
"O+","269","29"
"O+","270","29"
"O+","271","29"
"O+","272","18"
"O+","273","18"
"O+","274","29"
"O+","275","29"
"O+","276","29"
"O+","277","23"
"O+","278","23"
"O+","279","18"
"O+","280","18"
"O+","281","29"
"O+","282","29"
"O+","283","29"
"O+","284","29"
"O+","285","29"
"O+","286","18"
"O+","287","18"
"O+","288","29"
"O+","289","29"
"O+","290","29"
"O+","291","23"
"O+","292","23"
"O+","293","18"
"O+","294","18"
"O+","295","29"
"O+","296","29"
"O+","297","29"
"O+","298","29"
"O+","299","29"
"O+","300","18"
"O+","301","18"
"O+","302","29"
"O+","303","29"
"O+","304","29"
"O+","305","23"
"O+","306","23"
"O+","307","18"
"O+","308","18"
"O+","309","29"
"O+","310","29"
"O+","311","29"
"O+","312","29"
"O+","313","29"
"O+","314","18"
"O+","315","18"
"O+","316","29"
"O+","317","29"
"O+","318","29"
"O+","319","23"
"O+","320","23"
"O+","321","18"
"O+","322","18"
"O+","323","29"
"O+","324","29"
"O+","325","29"
"O+","326","29"
"O+","327","29"
"O+","328","18"
"O+","329","18"
"O+","330","29"
"O+","331","29"
"O+","332","29"
"O+","333","23"
"O+","334","23"
"O+","335","18"
"O+","336","18"
"O+","337","29"
"O+","338","29"
"O+","339","29"
"O+","340","29"
"O+","341","29"
"O+","342","18"
"O+","343","18"
"O+","344","29"
"O+","345","29"
"O+","346","29"
"O+","347","23"
"O+","348","23"
"O+","349","18"
"O+","350","18"
"O+","351","29"
"O+","352","29"
"O+","353","29"
"O+","354","29"
"O+","355","29"
"O+","356","18"
"O+","357","18"
"O+","358","29"
"O+","359","29"
"O+","360","29"
"O+","361","23"
"O+","362","23"
"O+","363","18"
"O+","364","18"
"O+","365","29"
"A-","1","4"
"A-","2","4"
"A-","3","4"
"A-","4","4"
"A-","5","4"
"A-","6","3"
"A-","7","3"
"A-","8","4"
"A-","9","4"
"A-","10","4"
"A-","11","4"
"A-","12","4"
"A-","13","3"
"A-","14","3"
"A-","15","4"
"A-","16","4"
"A-","17","4"
"A-","18","4"
"A-","19","4"
"A-","20","3"
"A-","21","3"
"A-","22","4"
"A-","23","4"
"A-","24","4"
"A-","25","4"
"A-","26","4"
"A-","27","3"
"A-","28","3"
"A-","29","4"
"A-","30","4"
"A-","31","4"
"A-","32","4"
"A-","33","4"
"A-","34","3"
"A-","35","3"
"A-","36","4"
"A-","37","4"
"A-","38","4"
"A-","39","4"
"A-","40","4"
"A-","41","3"
"A-","42","3"
"A-","43","4"
"A-","44","4"
"A-","45","4"
"A-","46","4"
"A-","47","4"
"A-","48","3"
"A-","49","3"
"A-","50","4"
"A-","51","4"
"A-","52","4"
"A-","53","4"
"A-","54","4"
"A-","55","3"
"A-","56","3"
"A-","57","4"
"A-","58","4"
"A-","59","4"
"A-","60","4"
"A-","61","4"
"A-","62","3"
"A-","63","3"
"A-","64","4"
"A-","65","4"
"A-","66","4"
"A-","67","4"
"A-","68","4"
"A-","69","3"
"A-","70","3"
"A-","71","4"
"A-","72","4"
"A-","73","4"
"A-","74","4"
"A-","75","4"
"A-","76","3"
"A-","77","3"
"A-","78","4"
"A-","79","4"
"A-","80","4"
"A-","81","4"
"A-","82","4"
"A-","83","3"
"A-","84","3"
"A-","85","4"
"A-","86","4"
"A-","87","4"
"A-","88","4"
"A-","89","4"
"A-","90","3"
"A-","91","3"
"A-","92","4"
"A-","93","4"
"A-","94","4"
"A-","95","4"
"A-","96","4"
"A-","97","3"
"A-","98","3"
"A-","99","4"
"A-","100","4"
"A-","101","4"
"A-","102","4"
"A-","103","4"
"A-","104","3"
"A-","105","3"
"A-","106","4"
"A-","107","4"
"A-","108","4"
"A-","109","4"
"A-","110","4"
"A-","111","3"
"A-","112","3"
"A-","113","4"
"A-","114","4"
"A-","115","4"
"A-","116","4"
"A-","117","4"
"A-","118","3"
"A-","119","3"
"A-","120","4"
"A-","121","4"
"A-","122","4"
"A-","123","4"
"A-","124","4"
"A-","125","3"
"A-","126","3"
"A-","127","4"
"A-","128","4"
"A-","129","4"
"A-","130","4"
"A-","131","4"
"A-","132","3"
"A-","133","3"
"A-","134","4"
"A-","135","4"
"A-","136","4"
"A-","137","4"
"A-","138","4"
"A-","139","3"
"A-","140","3"
"A-","141","4"
"A-","142","4"
"A-","143","4"
"A-","144","4"
"A-","145","4"
"A-","146","3"
"A-","147","3"
"A-","148","4"
"A-","149","4"
"A-","150","4"
"A-","151","4"
"A-","152","4"
"A-","153","3"
"A-","154","3"
"A-","155","4"
"A-","156","4"
"A-","157","4"
"A-","158","4"
"A-","159","4"
"A-","160","3"
"A-","161","3"
"A-","162","4"
"A-","163","4"
"A-","164","4"
"A-","165","4"
"A-","166","4"
"A-","167","3"
"A-","168","3"
"A-","169","4"
"A-","170","4"
"A-","171","4"
"A-","172","4"
"A-","173","4"
"A-","174","3"
"A-","175","3"
"A-","176","4"
"A-","177","4"
"A-","178","4"
"A-","179","4"
"A-","180","4"
"A-","181","3"
"A-","182","3"
"A-","183","4"
"A-","184","4"
"A-","185","4"
"A-","186","4"
"A-","187","4"
"A-","188","3"
"A-","189","3"
"A-","190","4"
"A-","191","4"
"A-","192","4"
"A-","193","4"
"A-","194","4"
"A-","195","3"
"A-","196","3"
"A-","197","4"
"A-","198","4"
"A-","199","4"
"A-","200","4"
"A-","201","4"
"A-","202","3"
"A-","203","3"
"A-","204","4"
"A-","205","4"
"A-","206","4"
"A-","207","4"
"A-","208","4"
"A-","209","3"
"A-","210","3"
"A-","211","4"
"A-","212","4"
"A-","213","4"
"A-","214","4"
"A-","215","4"
"A-","216","3"
"A-","217","3"
"A-","218","4"
"A-","219","4"
"A-","220","4"
"A-","221","4"
"A-","222","4"
"A-","223","3"
"A-","224","3"
"A-","225","4"
"A-","226","4"
"A-","227","4"
"A-","228","4"
"A-","229","4"
"A-","230","3"
"A-","231","3"
"A-","232","4"
"A-","233","4"
"A-","234","4"
"A-","235","4"
"A-","236","4"
"A-","237","3"
"A-","238","3"
"A-","239","4"
"A-","240","4"
"A-","241","4"
"A-","242","4"
"A-","243","4"
"A-","244","3"
"A-","245","3"
"A-","246","4"
"A-","247","4"
"A-","248","4"
"A-","249","4"
"A-","250","4"
"A-","251","3"
"A-","252","3"
"A-","253","4"
"A-","254","4"
"A-","255","4"
"A-","256","4"
"A-","257","4"
"A-","258","3"
"A-","259","3"
"A-","260","4"
"A-","261","4"
"A-","262","4"
"A-","263","4"
"A-","264","4"
"A-","265","3"
"A-","266","3"
"A-","267","4"
"A-","268","4"
"A-","269","4"
"A-","270","4"
"A-","271","4"
"A-","272","3"
"A-","273","3"
"A-","274","4"
"A-","275","4"
"A-","276","4"
"A-","277","4"
"A-","278","4"
"A-","279","3"
"A-","280","3"
"A-","281","4"
"A-","282","4"
"A-","283","4"
"A-","284","4"
"A-","285","4"
"A-","286","3"
"A-","287","3"
"A-","288","4"
"A-","289","4"
"A-","290","4"
"A-","291","4"
"A-","292","4"
"A-","293","3"
"A-","294","3"
"A-","295","4"
"A-","296","4"
"A-","297","4"
"A-","298","4"
"A-","299","4"
"A-","300","3"
"A-","301","3"
"A-","302","4"
"A-","303","4"
"A-","304","4"
"A-","305","4"
"A-","306","4"
"A-","307","3"
"A-","308","3"
"A-","309","4"
"A-","310","4"
"A-","311","4"
"A-","312","4"
"A-","313","4"
"A-","314","3"
"A-","315","3"
"A-","316","4"
"A-","317","4"
"A-","318","4"
"A-","319","4"
"A-","320","4"
"A-","321","3"
"A-","322","3"
"A-","323","4"
"A-","324","4"
"A-","325","4"
"A-","326","4"
"A-","327","4"
"A-","328","3"
"A-","329","3"
"A-","330","4"
"A-","331","4"
"A-","332","4"
"A-","333","4"
"A-","334","4"
"A-","335","3"
"A-","336","3"
"A-","337","4"
"A-","338","4"
"A-","339","4"
"A-","340","4"
"A-","341","4"
"A-","342","3"
"A-","343","3"
"A-","344","4"
"A-","345","4"
"A-","346","4"
"A-","347","4"
"A-","348","4"
"A-","349","3"
"A-","350","3"
"A-","351","4"
"A-","352","4"
"A-","353","4"
"A-","354","4"
"A-","355","4"
"A-","356","3"
"A-","357","3"
"A-","358","4"
"A-","359","4"
"A-","360","4"
"A-","361","4"
"A-","362","4"
"A-","363","3"
"A-","364","3"
"A-","365","4"
"A+","1","24"
"A+","2","24"
"A+","3","24"
"A+","4","24"
"A+","5","24"
"A+","6","18"
"A+","7","18"
"A+","8","24"
"A+","9","24"
"A+","10","24"
"A+","11","21"
"A+","12","21"
"A+","13","18"
"A+","14","18"
"A+","15","24"
"A+","16","24"
"A+","17","24"
"A+","18","24"
"A+","19","24"
"A+","20","18"
"A+","21","18"
"A+","22","24"
"A+","23","24"
"A+","24","24"
"A+","25","21"
"A+","26","21"
"A+","27","18"
"A+","28","18"
"A+","29","24"
"A+","30","24"
"A+","31","24"
"A+","32","24"
"A+","33","24"
"A+","34","18"
"A+","35","18"
"A+","36","24"
"A+","37","24"
"A+","38","24"
"A+","39","21"
"A+","40","21"
"A+","41","18"
"A+","42","18"
"A+","43","24"
"A+","44","24"
"A+","45","24"
"A+","46","24"
"A+","47","24"
"A+","48","18"
"A+","49","18"
"A+","50","24"
"A+","51","24"
"A+","52","24"
"A+","53","21"
"A+","54","21"
"A+","55","18"
"A+","56","18"
"A+","57","24"
"A+","58","24"
"A+","59","24"
"A+","60","24"
"A+","61","24"
"A+","62","18"
"A+","63","18"
"A+","64","24"
"A+","65","24"
"A+","66","24"
"A+","67","21"
"A+","68","21"
"A+","69","18"
"A+","70","18"
"A+","71","24"
"A+","72","24"
"A+","73","24"
"A+","74","24"
"A+","75","24"
"A+","76","18"
"A+","77","18"
"A+","78","24"
"A+","79","24"
"A+","80","24"
"A+","81","21"
"A+","82","21"
"A+","83","18"
"A+","84","18"
"A+","85","24"
"A+","86","24"
"A+","87","24"
"A+","88","24"
"A+","89","24"
"A+","90","18"
"A+","91","18"
"A+","92","24"
"A+","93","24"
"A+","94","24"
"A+","95","21"
"A+","96","21"
"A+","97","18"
"A+","98","18"
"A+","99","24"
"A+","100","24"
"A+","101","24"
"A+","102","24"
"A+","103","24"
"A+","104","18"
"A+","105","18"
"A+","106","24"
"A+","107","24"
"A+","108","24"
"A+","109","21"
"A+","110","21"
"A+","111","18"
"A+","112","18"
"A+","113","24"
"A+","114","24"
"A+","115","24"
"A+","116","24"
"A+","117","24"
"A+","118","18"
"A+","119","18"
"A+","120","24"
"A+","121","24"
"A+","122","24"
"A+","123","21"
"A+","124","21"
"A+","125","18"
"A+","126","18"
"A+","127","24"
"A+","128","24"
"A+","129","24"
"A+","130","24"
"A+","131","24"
"A+","132","18"
"A+","133","18"
"A+","134","24"
"A+","135","24"
"A+","136","24"
"A+","137","21"
"A+","138","21"
"A+","139","18"
"A+","140","18"
"A+","141","24"
"A+","142","24"
"A+","143","24"
"A+","144","24"
"A+","145","24"
"A+","146","18"
"A+","147","18"
"A+","148","24"
"A+","149","24"
"A+","150","24"
"A+","151","21"
"A+","152","21"
"A+","153","18"
"A+","154","18"
"A+","155","24"
"A+","156","24"
"A+","157","24"
"A+","158","24"
"A+","159","24"
"A+","160","18"
"A+","161","18"
"A+","162","24"
"A+","163","24"
"A+","164","24"
"A+","165","21"
"A+","166","21"
"A+","167","18"
"A+","168","18"
"A+","169","24"
"A+","170","24"
"A+","171","24"
"A+","172","24"
"A+","173","24"
"A+","174","18"
"A+","175","18"
"A+","176","24"
"A+","177","24"
"A+","178","24"
"A+","179","21"
"A+","180","21"
"A+","181","18"
"A+","182","18"
"A+","183","24"
"A+","184","24"
"A+","185","24"
"A+","186","24"
"A+","187","24"
"A+","188","18"
"A+","189","18"
"A+","190","24"
"A+","191","24"
"A+","192","24"
"A+","193","21"
"A+","194","21"
"A+","195","18"
"A+","196","18"
"A+","197","24"
"A+","198","24"
"A+","199","24"
"A+","200","24"
"A+","201","24"
"A+","202","18"
"A+","203","18"
"A+","204","24"
"A+","205","24"
"A+","206","24"
"A+","207","21"
"A+","208","21"
"A+","209","18"
"A+","210","18"
"A+","211","24"
"A+","212","24"
"A+","213","24"
"A+","214","24"
"A+","215","24"
"A+","216","18"
"A+","217","18"
"A+","218","24"
"A+","219","24"
"A+","220","24"
"A+","221","21"
"A+","222","21"
"A+","223","18"
"A+","224","18"
"A+","225","24"
"A+","226","24"
"A+","227","24"
"A+","228","24"
"A+","229","24"
"A+","230","18"
"A+","231","18"
"A+","232","24"
"A+","233","24"
"A+","234","24"
"A+","235","21"
"A+","236","21"
"A+","237","18"
"A+","238","18"
"A+","239","24"
"A+","240","24"
"A+","241","24"
"A+","242","24"
"A+","243","24"
"A+","244","18"
"A+","245","18"
"A+","246","24"
"A+","247","24"
"A+","248","24"
"A+","249","21"
"A+","250","21"
"A+","251","18"
"A+","252","18"
"A+","253","24"
"A+","254","24"
"A+","255","24"
"A+","256","24"
"A+","257","24"
"A+","258","18"
"A+","259","18"
"A+","260","24"
"A+","261","24"
"A+","262","24"
"A+","263","21"
"A+","264","21"
"A+","265","18"
"A+","266","18"
"A+","267","24"
"A+","268","24"
"A+","269","24"
"A+","270","24"
"A+","271","24"
"A+","272","18"
"A+","273","18"
"A+","274","24"
"A+","275","24"
"A+","276","24"
"A+","277","21"
"A+","278","21"
"A+","279","18"
"A+","280","18"
"A+","281","24"
"A+","282","24"
"A+","283","24"
"A+","284","24"
"A+","285","24"
"A+","286","18"
"A+","287","18"
"A+","288","24"
"A+","289","24"
"A+","290","24"
"A+","291","21"
"A+","292","21"
"A+","293","18"
"A+","294","18"
"A+","295","24"
"A+","296","24"
"A+","297","24"
"A+","298","24"
"A+","299","24"
"A+","300","18"
"A+","301","18"
"A+","302","24"
"A+","303","24"
"A+","304","24"
"A+","305","21"
"A+","306","21"
"A+","307","18"
"A+","308","18"
"A+","309","24"
"A+","310","24"
"A+","311","24"
"A+","312","24"
"A+","313","24"
"A+","314","18"
"A+","315","18"
"A+","316","24"
"A+","317","24"
"A+","318","24"
"A+","319","21"
"A+","320","21"
"A+","321","18"
"A+","322","18"
"A+","323","24"
"A+","324","24"
"A+","325","24"
"A+","326","24"
"A+","327","24"
"A+","328","18"
"A+","329","18"
"A+","330","24"
"A+","331","24"
"A+","332","24"
"A+","333","21"
"A+","334","21"
"A+","335","18"
"A+","336","18"
"A+","337","24"
"A+","338","24"
"A+","339","24"
"A+","340","24"
"A+","341","24"
"A+","342","18"
"A+","343","18"
"A+","344","24"
"A+","345","24"
"A+","346","24"
"A+","347","21"
"A+","348","21"
"A+","349","18"
"A+","350","18"
"A+","351","24"
"A+","352","24"
"A+","353","24"
"A+","354","24"
"A+","355","24"
"A+","356","18"
"A+","357","18"
"A+","358","24"
"A+","359","24"
"A+","360","24"
"A+","361","21"
"A+","362","21"
"A+","363","18"
"A+","364","18"
"A+","365","24"
"B-","1","1"
"B-","2","1"
"B-","3","1"
"B-","4","1"
"B-","5","1"
"B-","6","1"
"B-","7","1"
"B-","8","1"
"B-","9","1"
"B-","10","1"
"B-","11","1"
"B-","12","1"
"B-","13","1"
"B-","14","1"
"B-","15","1"
"B-","16","1"
"B-","17","1"
"B-","18","1"
"B-","19","1"
"B-","20","1"
"B-","21","1"
"B-","22","1"
"B-","23","1"
"B-","24","1"
"B-","25","1"
"B-","26","1"
"B-","27","1"
"B-","28","1"
"B-","29","1"
"B-","30","1"
"B-","31","1"
"B-","32","1"
"B-","33","1"
"B-","34","1"
"B-","35","1"
"B-","36","1"
"B-","37","1"
"B-","38","1"
"B-","39","1"
"B-","40","1"
"B-","41","1"
"B-","42","1"
"B-","43","1"
"B-","44","1"
"B-","45","1"
"B-","46","1"
"B-","47","1"
"B-","48","1"
"B-","49","1"
"B-","50","1"
"B-","51","1"
"B-","52","1"
"B-","53","1"
"B-","54","1"
"B-","55","1"
"B-","56","1"
"B-","57","1"
"B-","58","1"
"B-","59","1"
"B-","60","1"
"B-","61","1"
"B-","62","1"
"B-","63","1"
"B-","64","1"
"B-","65","1"
"B-","66","1"
"B-","67","1"
"B-","68","1"
"B-","69","1"
"B-","70","1"
"B-","71","1"
"B-","72","1"
"B-","73","1"
"B-","74","1"
"B-","75","1"
"B-","76","1"
"B-","77","1"
"B-","78","1"
"B-","79","1"
"B-","80","1"
"B-","81","1"
"B-","82","1"
"B-","83","1"
"B-","84","1"
"B-","85","1"
"B-","86","1"
"B-","87","1"
"B-","88","1"
"B-","89","1"
"B-","90","1"
"B-","91","1"
"B-","92","1"
"B-","93","1"
"B-","94","1"
"B-","95","1"
"B-","96","1"
"B-","97","1"
"B-","98","1"
"B-","99","1"
"B-","100","1"
"B-","101","1"
"B-","102","1"
"B-","103","1"
"B-","104","1"
"B-","105","1"
"B-","106","1"
"B-","107","1"
"B-","108","1"
"B-","109","1"
"B-","110","1"
"B-","111","1"
"B-","112","1"
"B-","113","1"
"B-","114","1"
"B-","115","1"
"B-","116","1"
"B-","117","1"
"B-","118","1"
"B-","119","1"
"B-","120","1"
"B-","121","1"
"B-","122","1"
"B-","123","1"
"B-","124","1"
"B-","125","1"
"B-","126","1"
"B-","127","1"
"B-","128","1"
"B-","129","1"
"B-","130","1"
"B-","131","1"
"B-","132","1"
"B-","133","1"
"B-","134","1"
"B-","135","1"
"B-","136","1"
"B-","137","1"
"B-","138","1"
"B-","139","1"
"B-","140","1"
"B-","141","1"
"B-","142","1"
"B-","143","1"
"B-","144","1"
"B-","145","1"
"B-","146","1"
"B-","147","1"
"B-","148","1"
"B-","149","1"
"B-","150","1"
"B-","151","1"
"B-","152","1"
"B-","153","1"
"B-","154","1"
"B-","155","1"
"B-","156","1"
"B-","157","1"
"B-","158","1"
"B-","159","1"
"B-","160","1"
"B-","161","1"
"B-","162","1"
"B-","163","1"
"B-","164","1"
"B-","165","1"
"B-","166","1"
"B-","167","1"
"B-","168","1"
"B-","169","1"
"B-","170","1"
"B-","171","1"
"B-","172","1"
"B-","173","1"
"B-","174","1"
"B-","175","1"
"B-","176","1"
"B-","177","1"
"B-","178","1"
"B-","179","1"
"B-","180","1"
"B-","181","1"
"B-","182","1"
"B-","183","1"
"B-","184","1"
"B-","185","1"
"B-","186","1"
"B-","187","1"
"B-","188","1"
"B-","189","1"
"B-","190","1"
"B-","191","1"
"B-","192","1"
"B-","193","1"
"B-","194","1"
"B-","195","1"
"B-","196","1"
"B-","197","1"
"B-","198","1"
"B-","199","1"
"B-","200","1"
"B-","201","1"
"B-","202","1"
"B-","203","1"
"B-","204","1"
"B-","205","1"
"B-","206","1"
"B-","207","1"
"B-","208","1"
"B-","209","1"
"B-","210","1"
"B-","211","1"
"B-","212","1"
"B-","213","1"
"B-","214","1"
"B-","215","1"
"B-","216","1"
"B-","217","1"
"B-","218","1"
"B-","219","1"
"B-","220","1"
"B-","221","1"
"B-","222","1"
"B-","223","1"
"B-","224","1"
"B-","225","1"
"B-","226","1"
"B-","227","1"
"B-","228","1"
"B-","229","1"
"B-","230","1"
"B-","231","1"
"B-","232","1"
"B-","233","1"
"B-","234","1"
"B-","235","1"
"B-","236","1"
"B-","237","1"
"B-","238","1"
"B-","239","1"
"B-","240","1"
"B-","241","1"
"B-","242","1"
"B-","243","1"
"B-","244","1"
"B-","245","1"
"B-","246","1"
"B-","247","1"
"B-","248","1"
"B-","249","1"
"B-","250","1"
"B-","251","1"
"B-","252","1"
"B-","253","1"
"B-","254","1"
"B-","255","1"
"B-","256","1"
"B-","257","1"
"B-","258","1"
"B-","259","1"
"B-","260","1"
"B-","261","1"
"B-","262","1"
"B-","263","1"
"B-","264","1"
"B-","265","1"
"B-","266","1"
"B-","267","1"
"B-","268","1"
"B-","269","1"
"B-","270","1"
"B-","271","1"
"B-","272","1"
"B-","273","1"
"B-","274","1"
"B-","275","1"
"B-","276","1"
"B-","277","1"
"B-","278","1"
"B-","279","1"
"B-","280","1"
"B-","281","1"
"B-","282","1"
"B-","283","1"
"B-","284","1"
"B-","285","1"
"B-","286","1"
"B-","287","1"
"B-","288","1"
"B-","289","1"
"B-","290","1"
"B-","291","1"
"B-","292","1"
"B-","293","1"
"B-","294","1"
"B-","295","1"
"B-","296","1"
"B-","297","1"
"B-","298","1"
"B-","299","1"
"B-","300","1"
"B-","301","1"
"B-","302","1"
"B-","303","1"
"B-","304","1"
"B-","305","1"
"B-","306","1"
"B-","307","1"
"B-","308","1"
"B-","309","1"
"B-","310","1"
"B-","311","1"
"B-","312","1"
"B-","313","1"
"B-","314","1"
"B-","315","1"
"B-","316","1"
"B-","317","1"
"B-","318","1"
"B-","319","1"
"B-","320","1"
"B-","321","1"
"B-","322","1"
"B-","323","1"
"B-","324","1"
"B-","325","1"
"B-","326","1"
"B-","327","1"
"B-","328","1"
"B-","329","1"
"B-","330","1"
"B-","331","1"
"B-","332","1"
"B-","333","1"
"B-","334","1"
"B-","335","1"
"B-","336","1"
"B-","337","1"
"B-","338","1"
"B-","339","1"
"B-","340","1"
"B-","341","1"
"B-","342","1"
"B-","343","1"
"B-","344","1"
"B-","345","1"
"B-","346","1"
"B-","347","1"
"B-","348","1"
"B-","349","1"
"B-","350","1"
"B-","351","1"
"B-","352","1"
"B-","353","1"
"B-","354","1"
"B-","355","1"
"B-","356","1"
"B-","357","1"
"B-","358","1"
"B-","359","1"
"B-","360","1"
"B-","361","1"
"B-","362","1"
"B-","363","1"
"B-","364","1"
"B-","365","1"
"B+","1","6"
"B+","2","6"
"B+","3","6"
"B+","4","6"
"B+","5","6"
"B+","6","5"
"B+","7","5"
"B+","8","6"
"B+","9","6"
"B+","10","6"
"B+","11","5"
"B+","12","5"
"B+","13","5"
"B+","14","5"
"B+","15","6"
"B+","16","6"
"B+","17","6"
"B+","18","6"
"B+","19","6"
"B+","20","5"
"B+","21","5"
"B+","22","6"
"B+","23","6"
"B+","24","6"
"B+","25","5"
"B+","26","5"
"B+","27","5"
"B+","28","5"
"B+","29","6"
"B+","30","6"
"B+","31","6"
"B+","32","6"
"B+","33","6"
"B+","34","5"
"B+","35","5"
"B+","36","6"
"B+","37","6"
"B+","38","6"
"B+","39","5"
"B+","40","5"
"B+","41","5"
"B+","42","5"
"B+","43","6"
"B+","44","6"
"B+","45","6"
"B+","46","6"
"B+","47","6"
"B+","48","5"
"B+","49","5"
"B+","50","6"
"B+","51","6"
"B+","52","6"
"B+","53","5"
"B+","54","5"
"B+","55","5"
"B+","56","5"
"B+","57","6"
"B+","58","6"
"B+","59","6"
"B+","60","6"
"B+","61","6"
"B+","62","5"
"B+","63","5"
"B+","64","6"
"B+","65","6"
"B+","66","6"
"B+","67","5"
"B+","68","5"
"B+","69","5"
"B+","70","5"
"B+","71","6"
"B+","72","6"
"B+","73","6"
"B+","74","6"
"B+","75","6"
"B+","76","5"
"B+","77","5"
"B+","78","6"
"B+","79","6"
"B+","80","6"
"B+","81","5"
"B+","82","5"
"B+","83","5"
"B+","84","5"
"B+","85","6"
"B+","86","6"
"B+","87","6"
"B+","88","6"
"B+","89","6"
"B+","90","5"
"B+","91","5"
"B+","92","6"
"B+","93","6"
"B+","94","6"
"B+","95","5"
"B+","96","5"
"B+","97","5"
"B+","98","5"
"B+","99","6"
"B+","100","6"
"B+","101","6"
"B+","102","6"
"B+","103","6"
"B+","104","5"
"B+","105","5"
"B+","106","6"
"B+","107","6"
"B+","108","6"
"B+","109","5"
"B+","110","5"
"B+","111","5"
"B+","112","5"
"B+","113","6"
"B+","114","6"
"B+","115","6"
"B+","116","6"
"B+","117","6"
"B+","118","5"
"B+","119","5"
"B+","120","6"
"B+","121","6"
"B+","122","6"
"B+","123","5"
"B+","124","5"
"B+","125","5"
"B+","126","5"
"B+","127","6"
"B+","128","6"
"B+","129","6"
"B+","130","6"
"B+","131","6"
"B+","132","5"
"B+","133","5"
"B+","134","6"
"B+","135","6"
"B+","136","6"
"B+","137","5"
"B+","138","5"
"B+","139","5"
"B+","140","5"
"B+","141","6"
"B+","142","6"
"B+","143","6"
"B+","144","6"
"B+","145","6"
"B+","146","5"
"B+","147","5"
"B+","148","6"
"B+","149","6"
"B+","150","6"
"B+","151","5"
"B+","152","5"
"B+","153","5"
"B+","154","5"
"B+","155","6"
"B+","156","6"
"B+","157","6"
"B+","158","6"
"B+","159","6"
"B+","160","5"
"B+","161","5"
"B+","162","6"
"B+","163","6"
"B+","164","6"
"B+","165","5"
"B+","166","5"
"B+","167","5"
"B+","168","5"
"B+","169","6"
"B+","170","6"
"B+","171","6"
"B+","172","6"
"B+","173","6"
"B+","174","5"
"B+","175","5"
"B+","176","6"
"B+","177","6"
"B+","178","6"
"B+","179","5"
"B+","180","5"
"B+","181","5"
"B+","182","5"
"B+","183","6"
"B+","184","6"
"B+","185","6"
"B+","186","6"
"B+","187","6"
"B+","188","5"
"B+","189","5"
"B+","190","6"
"B+","191","6"
"B+","192","6"
"B+","193","5"
"B+","194","5"
"B+","195","5"
"B+","196","5"
"B+","197","6"
"B+","198","6"
"B+","199","6"
"B+","200","6"
"B+","201","6"
"B+","202","5"
"B+","203","5"
"B+","204","6"
"B+","205","6"
"B+","206","6"
"B+","207","5"
"B+","208","5"
"B+","209","5"
"B+","210","5"
"B+","211","6"
"B+","212","6"
"B+","213","6"
"B+","214","6"
"B+","215","6"
"B+","216","5"
"B+","217","5"
"B+","218","6"
"B+","219","6"
"B+","220","6"
"B+","221","5"
"B+","222","5"
"B+","223","5"
"B+","224","5"
"B+","225","6"
"B+","226","6"
"B+","227","6"
"B+","228","6"
"B+","229","6"
"B+","230","5"
"B+","231","5"
"B+","232","6"
"B+","233","6"
"B+","234","6"
"B+","235","5"
"B+","236","5"
"B+","237","5"
"B+","238","5"
"B+","239","6"
"B+","240","6"
"B+","241","6"
"B+","242","6"
"B+","243","6"
"B+","244","5"
"B+","245","5"
"B+","246","6"
"B+","247","6"
"B+","248","6"
"B+","249","5"
"B+","250","5"
"B+","251","5"
"B+","252","5"
"B+","253","6"
"B+","254","6"
"B+","255","6"
"B+","256","6"
"B+","257","6"
"B+","258","5"
"B+","259","5"
"B+","260","6"
"B+","261","6"
"B+","262","6"
"B+","263","5"
"B+","264","5"
"B+","265","5"
"B+","266","5"
"B+","267","6"
"B+","268","6"
"B+","269","6"
"B+","270","6"
"B+","271","6"
"B+","272","5"
"B+","273","5"
"B+","274","6"
"B+","275","6"
"B+","276","6"
"B+","277","5"
"B+","278","5"
"B+","279","5"
"B+","280","5"
"B+","281","6"
"B+","282","6"
"B+","283","6"
"B+","284","6"
"B+","285","6"
"B+","286","5"
"B+","287","5"
"B+","288","6"
"B+","289","6"
"B+","290","6"
"B+","291","5"
"B+","292","5"
"B+","293","5"
"B+","294","5"
"B+","295","6"
"B+","296","6"
"B+","297","6"
"B+","298","6"
"B+","299","6"
"B+","300","5"
"B+","301","5"
"B+","302","6"
"B+","303","6"
"B+","304","6"
"B+","305","5"
"B+","306","5"
"B+","307","5"
"B+","308","5"
"B+","309","6"
"B+","310","6"
"B+","311","6"
"B+","312","6"
"B+","313","6"
"B+","314","5"
"B+","315","5"
"B+","316","6"
"B+","317","6"
"B+","318","6"
"B+","319","5"
"B+","320","5"
"B+","321","5"
"B+","322","5"
"B+","323","6"
"B+","324","6"
"B+","325","6"
"B+","326","6"
"B+","327","6"
"B+","328","5"
"B+","329","5"
"B+","330","6"
"B+","331","6"
"B+","332","6"
"B+","333","5"
"B+","334","5"
"B+","335","5"
"B+","336","5"
"B+","337","6"
"B+","338","6"
"B+","339","6"
"B+","340","6"
"B+","341","6"
"B+","342","5"
"B+","343","5"
"B+","344","6"
"B+","345","6"
"B+","346","6"
"B+","347","5"
"B+","348","5"
"B+","349","5"
"B+","350","5"
"B+","351","6"
"B+","352","6"
"B+","353","6"
"B+","354","6"
"B+","355","6"
"B+","356","5"
"B+","357","5"
"B+","358","6"
"B+","359","6"
"B+","360","6"
"B+","361","5"
"B+","362","5"
"B+","363","5"
"B+","364","5"
"B+","365","6"
"AB-","1","1"
"AB-","2","1"
"AB-","3","1"
"AB-","4","1"
"AB-","5","1"
"AB-","6","1"
"AB-","7","1"
"AB-","8","1"
"AB-","9","1"
"AB-","10","1"
"AB-","11","1"
"AB-","12","1"
"AB-","13","1"
"AB-","14","1"
"AB-","15","1"
"AB-","16","1"
"AB-","17","1"
"AB-","18","1"
"AB-","19","1"
"AB-","20","1"
"AB-","21","1"
"AB-","22","1"
"AB-","23","1"
"AB-","24","1"
"AB-","25","1"
"AB-","26","1"
"AB-","27","1"
"AB-","28","1"
"AB-","29","1"
"AB-","30","1"
"AB-","31","1"
"AB-","32","1"
"AB-","33","1"
"AB-","34","1"
"AB-","35","1"
"AB-","36","1"
"AB-","37","1"
"AB-","38","1"
"AB-","39","1"
"AB-","40","1"
"AB-","41","1"
"AB-","42","1"
"AB-","43","1"
"AB-","44","1"
"AB-","45","1"
"AB-","46","1"
"AB-","47","1"
"AB-","48","1"
"AB-","49","1"
"AB-","50","1"
"AB-","51","1"
"AB-","52","1"
"AB-","53","1"
"AB-","54","1"
"AB-","55","1"
"AB-","56","1"
"AB-","57","1"
"AB-","58","1"
"AB-","59","1"
"AB-","60","1"
"AB-","61","1"
"AB-","62","1"
"AB-","63","1"
"AB-","64","1"
"AB-","65","1"
"AB-","66","1"
"AB-","67","1"
"AB-","68","1"
"AB-","69","1"
"AB-","70","1"
"AB-","71","1"
"AB-","72","1"
"AB-","73","1"
"AB-","74","1"
"AB-","75","1"
"AB-","76","1"
"AB-","77","1"
"AB-","78","1"
"AB-","79","1"
"AB-","80","1"
"AB-","81","1"
"AB-","82","1"
"AB-","83","1"
"AB-","84","1"
"AB-","85","1"
"AB-","86","1"
"AB-","87","1"
"AB-","88","1"
"AB-","89","1"
"AB-","90","1"
"AB-","91","1"
"AB-","92","1"
"AB-","93","1"
"AB-","94","1"
"AB-","95","1"
"AB-","96","1"
"AB-","97","1"
"AB-","98","1"
"AB-","99","1"
"AB-","100","1"
"AB-","101","1"
"AB-","102","1"
"AB-","103","1"
"AB-","104","1"
"AB-","105","1"
"AB-","106","1"
"AB-","107","1"
"AB-","108","1"
"AB-","109","1"
"AB-","110","1"
"AB-","111","1"
"AB-","112","1"
"AB-","113","1"
"AB-","114","1"
"AB-","115","1"
"AB-","116","1"
"AB-","117","1"
"AB-","118","1"
"AB-","119","1"
"AB-","120","1"
"AB-","121","1"
"AB-","122","1"
"AB-","123","1"
"AB-","124","1"
"AB-","125","1"
"AB-","126","1"
"AB-","127","1"
"AB-","128","1"
"AB-","129","1"
"AB-","130","1"
"AB-","131","1"
"AB-","132","1"
"AB-","133","1"
"AB-","134","1"
"AB-","135","1"
"AB-","136","1"
"AB-","137","1"
"AB-","138","1"
"AB-","139","1"
"AB-","140","1"
"AB-","141","1"
"AB-","142","1"
"AB-","143","1"
"AB-","144","1"
"AB-","145","1"
"AB-","146","1"
"AB-","147","1"
"AB-","148","1"
"AB-","149","1"
"AB-","150","1"
"AB-","151","1"
"AB-","152","1"
"AB-","153","1"
"AB-","154","1"
"AB-","155","1"
"AB-","156","1"
"AB-","157","1"
"AB-","158","1"
"AB-","159","1"
"AB-","160","1"
"AB-","161","1"
"AB-","162","1"
"AB-","163","1"
"AB-","164","1"
"AB-","165","1"
"AB-","166","1"
"AB-","167","1"
"AB-","168","1"
"AB-","169","1"
"AB-","170","1"
"AB-","171","1"
"AB-","172","1"
"AB-","173","1"
"AB-","174","1"
"AB-","175","1"
"AB-","176","1"
"AB-","177","1"
"AB-","178","1"
"AB-","179","1"
"AB-","180","1"
"AB-","181","1"
"AB-","182","1"
"AB-","183","1"
"AB-","184","1"
"AB-","185","1"
"AB-","186","1"
"AB-","187","1"
"AB-","188","1"
"AB-","189","1"
"AB-","190","1"
"AB-","191","1"
"AB-","192","1"
"AB-","193","1"
"AB-","194","1"
"AB-","195","1"
"AB-","196","1"
"AB-","197","1"
"AB-","198","1"
"AB-","199","1"
"AB-","200","1"
"AB-","201","1"
"AB-","202","1"
"AB-","203","1"
"AB-","204","1"
"AB-","205","1"
"AB-","206","1"
"AB-","207","1"
"AB-","208","1"
"AB-","209","1"
"AB-","210","1"
"AB-","211","1"
"AB-","212","1"
"AB-","213","1"
"AB-","214","1"
"AB-","215","1"
"AB-","216","1"
"AB-","217","1"
"AB-","218","1"
"AB-","219","1"
"AB-","220","1"
"AB-","221","1"
"AB-","222","1"
"AB-","223","1"
"AB-","224","1"
"AB-","225","1"
"AB-","226","1"
"AB-","227","1"
"AB-","228","1"
"AB-","229","1"
"AB-","230","1"
"AB-","231","1"
"AB-","232","1"
"AB-","233","1"
"AB-","234","1"
"AB-","235","1"
"AB-","236","1"
"AB-","237","1"
"AB-","238","1"
"AB-","239","1"
"AB-","240","1"
"AB-","241","1"
"AB-","242","1"
"AB-","243","1"
"AB-","244","1"
"AB-","245","1"
"AB-","246","1"
"AB-","247","1"
"AB-","248","1"
"AB-","249","1"
"AB-","250","1"
"AB-","251","1"
"AB-","252","1"
"AB-","253","1"
"AB-","254","1"
"AB-","255","1"
"AB-","256","1"
"AB-","257","1"
"AB-","258","1"
"AB-","259","1"
"AB-","260","1"
"AB-","261","1"
"AB-","262","1"
"AB-","263","1"
"AB-","264","1"
"AB-","265","1"
"AB-","266","1"
"AB-","267","1"
"AB-","268","1"
"AB-","269","1"
"AB-","270","1"
"AB-","271","1"
"AB-","272","1"
"AB-","273","1"
"AB-","274","1"
"AB-","275","1"
"AB-","276","1"
"AB-","277","1"
"AB-","278","1"
"AB-","279","1"
"AB-","280","1"
"AB-","281","1"
"AB-","282","1"
"AB-","283","1"
"AB-","284","1"
"AB-","285","1"
"AB-","286","1"
"AB-","287","1"
"AB-","288","1"
"AB-","289","1"
"AB-","290","1"
"AB-","291","1"
"AB-","292","1"
"AB-","293","1"
"AB-","294","1"
"AB-","295","1"
"AB-","296","1"
"AB-","297","1"
"AB-","298","1"
"AB-","299","1"
"AB-","300","1"
"AB-","301","1"
"AB-","302","1"
"AB-","303","1"
"AB-","304","1"
"AB-","305","1"
"AB-","306","1"
"AB-","307","1"
"AB-","308","1"
"AB-","309","1"
"AB-","310","1"
"AB-","311","1"
"AB-","312","1"
"AB-","313","1"
"AB-","314","1"
"AB-","315","1"
"AB-","316","1"
"AB-","317","1"
"AB-","318","1"
"AB-","319","1"
"AB-","320","1"
"AB-","321","1"
"AB-","322","1"
"AB-","323","1"
"AB-","324","1"
"AB-","325","1"
"AB-","326","1"
"AB-","327","1"
"AB-","328","1"
"AB-","329","1"
"AB-","330","1"
"AB-","331","1"
"AB-","332","1"
"AB-","333","1"
"AB-","334","1"
"AB-","335","1"
"AB-","336","1"
"AB-","337","1"
"AB-","338","1"
"AB-","339","1"
"AB-","340","1"
"AB-","341","1"
"AB-","342","1"
"AB-","343","1"
"AB-","344","1"
"AB-","345","1"
"AB-","346","1"
"AB-","347","1"
"AB-","348","1"
"AB-","349","1"
"AB-","350","1"
"AB-","351","1"
"AB-","352","1"
"AB-","353","1"
"AB-","354","1"
"AB-","355","1"
"AB-","356","1"
"AB-","357","1"
"AB-","358","1"
"AB-","359","1"
"AB-","360","1"
"AB-","361","1"
"AB-","362","1"
"AB-","363","1"
"AB-","364","1"
"AB-","365","1"
"AB+","1","2"
"AB+","2","2"
"AB+","3","2"
"AB+","4","2"
"AB+","5","2"
"AB+","6","2"
"AB+","7","2"
"AB+","8","2"
"AB+","9","2"
"AB+","10","2"
"AB+","11","2"
"AB+","12","2"
"AB+","13","2"
"AB+","14","2"
"AB+","15","2"
"AB+","16","2"
"AB+","17","2"
"AB+","18","2"
"AB+","19","2"
"AB+","20","2"
"AB+","21","2"
"AB+","22","2"
"AB+","23","2"
"AB+","24","2"
"AB+","25","2"
"AB+","26","2"
"AB+","27","2"
"AB+","28","2"
"AB+","29","2"
"AB+","30","2"
"AB+","31","2"
"AB+","32","2"
"AB+","33","2"
"AB+","34","2"
"AB+","35","2"
"AB+","36","2"
"AB+","37","2"
"AB+","38","2"
"AB+","39","2"
"AB+","40","2"
"AB+","41","2"
"AB+","42","2"
"AB+","43","2"
"AB+","44","2"
"AB+","45","2"
"AB+","46","2"
"AB+","47","2"
"AB+","48","2"
"AB+","49","2"
"AB+","50","2"
"AB+","51","2"
"AB+","52","2"
"AB+","53","2"
"AB+","54","2"
"AB+","55","2"
"AB+","56","2"
"AB+","57","2"
"AB+","58","2"
"AB+","59","2"
"AB+","60","2"
"AB+","61","2"
"AB+","62","2"
"AB+","63","2"
"AB+","64","2"
"AB+","65","2"
"AB+","66","2"
"AB+","67","2"
"AB+","68","2"
"AB+","69","2"
"AB+","70","2"
"AB+","71","2"
"AB+","72","2"
"AB+","73","2"
"AB+","74","2"
"AB+","75","2"
"AB+","76","2"
"AB+","77","2"
"AB+","78","2"
"AB+","79","2"
"AB+","80","2"
"AB+","81","2"
"AB+","82","2"
"AB+","83","2"
"AB+","84","2"
"AB+","85","2"
"AB+","86","2"
"AB+","87","2"
"AB+","88","2"
"AB+","89","2"
"AB+","90","2"
"AB+","91","2"
"AB+","92","2"
"AB+","93","2"
"AB+","94","2"
"AB+","95","2"
"AB+","96","2"
"AB+","97","2"
"AB+","98","2"
"AB+","99","2"
"AB+","100","2"
"AB+","101","2"
"AB+","102","2"
"AB+","103","2"
"AB+","104","2"
"AB+","105","2"
"AB+","106","2"
"AB+","107","2"
"AB+","108","2"
"AB+","109","2"
"AB+","110","2"
"AB+","111","2"
"AB+","112","2"
"AB+","113","2"
"AB+","114","2"
"AB+","115","2"
"AB+","116","2"
"AB+","117","2"
"AB+","118","2"
"AB+","119","2"
"AB+","120","2"
"AB+","121","2"
"AB+","122","2"
"AB+","123","2"
"AB+","124","2"
"AB+","125","2"
"AB+","126","2"
"AB+","127","2"
"AB+","128","2"
"AB+","129","2"
"AB+","130","2"
"AB+","131","2"
"AB+","132","2"
"AB+","133","2"
"AB+","134","2"
"AB+","135","2"
"AB+","136","2"
"AB+","137","2"
"AB+","138","2"
"AB+","139","2"
"AB+","140","2"
"AB+","141","2"
"AB+","142","2"
"AB+","143","2"
"AB+","144","2"
"AB+","145","2"
"AB+","146","2"
"AB+","147","2"
"AB+","148","2"
"AB+","149","2"
"AB+","150","2"
"AB+","151","2"
"AB+","152","2"
"AB+","153","2"
"AB+","154","2"
"AB+","155","2"
"AB+","156","2"
"AB+","157","2"
"AB+","158","2"
"AB+","159","2"
"AB+","160","2"
"AB+","161","2"
"AB+","162","2"
"AB+","163","2"
"AB+","164","2"
"AB+","165","2"
"AB+","166","2"
"AB+","167","2"
"AB+","168","2"
"AB+","169","2"
"AB+","170","2"
"AB+","171","2"
"AB+","172","2"
"AB+","173","2"
"AB+","174","2"
"AB+","175","2"
"AB+","176","2"
"AB+","177","2"
"AB+","178","2"
"AB+","179","2"
"AB+","180","2"
"AB+","181","2"
"AB+","182","2"
"AB+","183","2"
"AB+","184","2"
"AB+","185","2"
"AB+","186","2"
"AB+","187","2"
"AB+","188","2"
"AB+","189","2"
"AB+","190","2"
"AB+","191","2"
"AB+","192","2"
"AB+","193","2"
"AB+","194","2"
"AB+","195","2"
"AB+","196","2"
"AB+","197","2"
"AB+","198","2"
"AB+","199","2"
"AB+","200","2"
"AB+","201","2"
"AB+","202","2"
"AB+","203","2"
"AB+","204","2"
"AB+","205","2"
"AB+","206","2"
"AB+","207","2"
"AB+","208","2"
"AB+","209","2"
"AB+","210","2"
"AB+","211","2"
"AB+","212","2"
"AB+","213","2"
"AB+","214","2"
"AB+","215","2"
"AB+","216","2"
"AB+","217","2"
"AB+","218","2"
"AB+","219","2"
"AB+","220","2"
"AB+","221","2"
"AB+","222","2"
"AB+","223","2"
"AB+","224","2"
"AB+","225","2"
"AB+","226","2"
"AB+","227","2"
"AB+","228","2"
"AB+","229","2"
"AB+","230","2"
"AB+","231","2"
"AB+","232","2"
"AB+","233","2"
"AB+","234","2"
"AB+","235","2"
"AB+","236","2"
"AB+","237","2"
"AB+","238","2"
"AB+","239","2"
"AB+","240","2"
"AB+","241","2"
"AB+","242","2"
"AB+","243","2"
"AB+","244","2"
"AB+","245","2"
"AB+","246","2"
"AB+","247","2"
"AB+","248","2"
"AB+","249","2"
"AB+","250","2"
"AB+","251","2"
"AB+","252","2"
"AB+","253","2"
"AB+","254","2"
"AB+","255","2"
"AB+","256","2"
"AB+","257","2"
"AB+","258","2"
"AB+","259","2"
"AB+","260","2"
"AB+","261","2"
"AB+","262","2"
"AB+","263","2"
"AB+","264","2"
"AB+","265","2"
"AB+","266","2"
"AB+","267","2"
"AB+","268","2"
"AB+","269","2"
"AB+","270","2"
"AB+","271","2"
"AB+","272","2"
"AB+","273","2"
"AB+","274","2"
"AB+","275","2"
"AB+","276","2"
"AB+","277","2"
"AB+","278","2"
"AB+","279","2"
"AB+","280","2"
"AB+","281","2"
"AB+","282","2"
"AB+","283","2"
"AB+","284","2"
"AB+","285","2"
"AB+","286","2"
"AB+","287","2"
"AB+","288","2"
"AB+","289","2"
"AB+","290","2"
"AB+","291","2"
"AB+","292","2"
"AB+","293","2"
"AB+","294","2"
"AB+","295","2"
"AB+","296","2"
"AB+","297","2"
"AB+","298","2"
"AB+","299","2"
"AB+","300","2"
"AB+","301","2"
"AB+","302","2"
"AB+","303","2"
"AB+","304","2"
"AB+","305","2"
"AB+","306","2"
"AB+","307","2"
"AB+","308","2"
"AB+","309","2"
"AB+","310","2"
"AB+","311","2"
"AB+","312","2"
"AB+","313","2"
"AB+","314","2"
"AB+","315","2"
"AB+","316","2"
"AB+","317","2"
"AB+","318","2"
"AB+","319","2"
"AB+","320","2"
"AB+","321","2"
"AB+","322","2"
"AB+","323","2"
"AB+","324","2"
"AB+","325","2"
"AB+","326","2"
"AB+","327","2"
"AB+","328","2"
"AB+","329","2"
"AB+","330","2"
"AB+","331","2"
"AB+","332","2"
"AB+","333","2"
"AB+","334","2"
"AB+","335","2"
"AB+","336","2"
"AB+","337","2"
"AB+","338","2"
"AB+","339","2"
"AB+","340","2"
"AB+","341","2"
"AB+","342","2"
"AB+","343","2"
"AB+","344","2"
"AB+","345","2"
"AB+","346","2"
"AB+","347","2"
"AB+","348","2"
"AB+","349","2"
"AB+","350","2"
"AB+","351","2"
"AB+","352","2"
"AB+","353","2"
"AB+","354","2"
"AB+","355","2"
"AB+","356","2"
"AB+","357","2"
"AB+","358","2"
"AB+","359","2"
"AB+","360","2"
"AB+","361","2"
"AB+","362","2"
"AB+","363","2"
"AB+","364","2"
"AB+","365","2"
